id;subject;jhi_from;jhi_to
1;Music;2019-04-27T21:01:38;2019-04-27T10:08:50
2;infomediaries;2019-04-27T23:38:23;2019-04-27T11:55:44
3;backing up Salad;2019-04-27T17:11:00;2019-04-27T20:21:29
4;invoice;2019-04-27T19:05:16;2019-04-27T16:21:54
5;sky blue Georgia;2019-04-28T01:49:02;2019-04-27T03:17:56
6;connect Markets Chief;2019-04-27T12:13:09;2019-04-27T09:06:51
7;archive Georgia Aruba;2019-04-27T03:30:03;2019-04-27T18:45:39
8;scale interactive generating;2019-04-27T18:00:24;2019-04-27T03:24:10
9;Home Loan Account;2019-04-27T19:56:41;2019-04-27T23:11:11
10;back-end;2019-04-28T00:46:46;2019-04-28T02:11:36
